Model,Accuracy,Precision,Recall,F1 Score
Logistic Regression,0.8333333333333334,0.8888888888888888,0.8333333333333334,0.8222222222222223
Multinomial Naive Bayes,0.8333333333333334,0.8888888888888888,0.8333333333333334,0.8222222222222223
